First Last,First,Last,Company,Domain
Michael Hogan,Michael,Hogan,Hogy Lure Company,www.hogylures.com
Brian Watson,Brian,Watson,BLIS Technologies Ltd,www.blis.co.nz
Gina Paige,Gina,Paige,African Ancestry,www.africanancestry.com
Greg Ammon,Greg,Ammon,Big Flower,www.bigflower.com
Sarah Landman,Sarah,Landman,Solid & Striped LLC,www.solidandstriped.com
Nick Salter,Nick,Salter,Aduna Ltd,www.aduna.com
Chris Bentvelzen,Chris,Bentvelzen,SHOES-n-FEET,www.shoesnfeet.com
Robert Suenderhauf,Robert,Suenderhauf,nu3 GmbH,www.nu3.de
Mal Bryan,Mal,Bryan,Pitcrew Skateboard & Snowboard Shop,www.pitcrewskateboards.com
Christopher Thompson,Christopher,Thompson,truBrain,www.trubrain.com
Ashley Harmeling Wayman,Ashley,Wayman,Petit Peony LLC,www.petitpeony.com
Blair Miller,Blair,Miller,Blair Miller & Associates,www.foursightonline.com
Svetlana Zakharevich,Svetlana,Zakharevich,Gressa Skin,www.gressaskin.com
Michael Giller,Michael,Giller,Smack Pet Food,www.smackpetfood.com
James Richardson,James,Richardson,1776 United,www.1776united.com
Julian Schlaver,Julian,Schlaver,angelrox,www.angelrox.com
Eric Sacksteder,Eric,Sacksteder,SC Wake,www.scwake.com
Diane Forley,Diane,Forley,Flourish Baking Company,www.flourishbakingcompany.com
Jane Shaw,Jane,Shaw,Action for Deafness,www.actionfordeafness.org.uk
Issa Jabar,,,Euro Living Furniture,www.eurolivingfurniture.com
