First Last,First,Last,Company,Domain
Terry Lee,Terry,Lee,Gear Coop,www.gearcoop.com
Lavinia Brennan,Lavinia,Brennan,Beulah London Ltd,www.beulahlondon.com
Gregory Vetter,Gregory,Vetter,"Tessemae's, LLC",www.tessemaes.com
Charlotte Knight,Charlotte,Knight,Ciaté London,www.ciatelondon.com
Raha Adibi,Raha,Adibi,Luna Boutique,www.shoplunab.com
Joey Lauricella,Joey,Lauricella,"Fodera Guitar Partners, LLC",www.fodera.com
Lada Rasochova,Lada,Rasochova,Dermala Inc.,www.dermala.com
Gordon Peter Seabury,Gordon,Seabury,Toad&Co,www.toadandco.com
Mary Andros,Mary,Andros,Denoyer Geppert Science Company,www.denoyer.com
Neil Stuber,Neil,Stuber,Hurraw! Balm,www.hurrawbalm.com
Alexander Graah,Alexander,Graah,"Dr. Denim, Inc.",www.drdenim.com
Christian Sterling,Christian,Sterling,C Sterling Jewelers,www.csterlingjewelers.com
Priscilla Tsai,Priscilla,Tsai,cocokind,www.cocokind.com
James Zilian,James,Zilian,"Farmhouse Pottery, Inc",www.farmhousepottery.com
Stephan Jacob,Stephan,Jacob,"Global Uprising, PBC",www.cotopaxi.com
Wayne Curtiss,Wayne,Curtiss,Smack Apparel Company,www.smackapparel.com
Alex Schmotter,Alex,Schmotter,"Phenoh, Inc.",www.phenoh.com
Holly Trepka,Holly,Trepka,NEAT Method,www.neatmethod.com
Nancy Wekselbaum,Nancy,Wekselbaum,The Gracious Gourmet,www.thegraciousgourmet.com
Charlotte Boute,,,Manice,www.manice.be
