First Last,First,Last,Company,Domain
Denny Variali,Denny,Variali,"Denny Manufacturing Co., Inc.",www.dennymfg.com
Craig Martin,Craig,Martin,The QG,www.theqg.com
Victoria Hampson,Victoria,Hampson,Natural Baby Shower Ltd,www.naturalbabyshower.co.uk
Lily Oswald,Lily,Oswald,"Sorrelli, Inc",www.sorrelli.com
Russell Layton,Russell,Layton,Sparx Hockey,www.sparxhockey.com
Robert Weiner,Robert,Weiner,"Star-Box, Inc.",www.starboxinc.com
Brent Huston,Brent,Huston,"McSteven's, Inc.",www.mcstevens.com
Doug Reffue,Doug,Reffue,Mother Dirt,www.motherdirt.com
Cynthia Herrera,Cynthia,Herrera,"Sun Bum, Llc",www.trustthebum.com
Cally Rieman,Cally,Rieman,"KAL RIEMAN, Inc.",www.kalrieman.com
Cristobal Murillo,Cristobal,Murillo,Selk'bag USA,www.selkbagusa.com
Mike Jessop,Mike,Jessop,Moo Free Limited,www.moofreechocolates.com
Ed Bender,Ed,Bender,Anchortex Corporation,www.anchortex.com
Tim Rexius,Tim,Rexius,Rexius Nutrition Inc.,www.rexiusnutrition.com
Aminah Musa,Aminah,Musa,PaliRoots,www.paliroots.com
Kevin Choi,Kevin,Choi,Impressions Vanity Company,www.impressionsvanity.com
Carol Charles,Carol,Charles,EcoVessel,www.ecovessel.com
Dave Bell,Dave,Bell,Vesternet,www.vesternet.com
Henry Mata,Henry,Mata,"Fresno Precision Plastics, Inc",www.precisionplasticsinc.com
Amalia Ritter,,,OnHand,www.getonhand.com
