First Last,First,Last,Company,Domain
Reggie Black,Reggie,Black,Better Way Health,www.betterwayhealth.com
Greg Finney,Greg,Finney,2Modern,www.2modern.com
Patrick Pezet,Patrick,Pezet,Grinds Llc,www.getgrinds.com
Mark Salisbury,Mark,Salisbury,Fanatik Bike Co.,www.fanatikbike.com
Susan Bell,Susan,Bell,"Dr. Herbert J. Bell, P.A.",www.belleyes.com
Karen Kurr,Karen,Kurr,No Time 2 Cook,www.notime2cook.com
Michael Barnhill,Michael,Barnhill,"Specialist ID, Inc.",www.specialistid.com
Nelson Murakami,Nelson,Murakami,Natural Sports,www.naturalsports.ca
Christina Ha,Christina,Ha,Macaron Parlour,www.macaronparlour.com
Arlene Anderson,Arlene,Anderson,SAM BAT - The Original Maple Bat Corp.,www.sambat.com
Brendan Collins,Brendan,Collins,mimijumi,www.mimijumi.com
John Hannahs,John,Hannahs,LVR Fashion,www.lvrfashion.com
Adam Deremo,Adam,Deremo,AWAKE Chocolate,www.awakechocolate.com
Claudia Liliana Andrade,Claudia,Andrade,Kids Like Languages,www.kidslikelanguages.com
Marina Francesca Moscone,Marina,Moscone,"Marina Moscone, Llc",www.marinamoscone.com
Besher Cabbad,Besher,Cabbad,Giorgio Milano,www.giorgiomilano.com
Sean Simpson,Sean,Simpson,Simpson's Pharmasave,www.simpsonspharmacy.ca
Michael Morrow,Michael,Morrow,"Nutcase, Inc.",www.nutcasehelmets.com
Oren Katz,Oren,Katz,Carbon & Hyde,www.carbonandhyde.com
Savannah Sachs,,,"TULA Life, Inc.",www.tula.com
