First Last,First,Last,Company,Domain
Francesco Perillo,Francesco,Perillo,Dr Smood,www.drsmood.com
Tom Perry,Tom,Perry,Pets On Broadway,www.petsonbroadway.com
Meg Garcia,Meg,Garcia,NEAT Method,www.neatmethod.com
Mary Gray,Mary,Gray,Potted,www.pottedstore.com
Jan Von Heland,Jan,Heland,Waboba Inc.,www.waboba.com
Carter Crary,Carter,Crary,"Malibu Divers, Inc.",www.malibudivers.com
Jim Simon,Jim,Simon,Jimmy's Healthy Foods Inc.,www.jimmybars.com
Teresa Tsou,Teresa,Tsou,Pipsnacks LLC,www.pipsnacks.com
Lisa Lorimer Donahue,Lisa,Donahue,"MamaSezz Foods, Inc.",www.mamasezz.com
Dominic Galletti,Dominic,Galletti,Incycle Bicycles,www.incycle.com
Fahd Albinali,Fahd,Albinali,QMedic,www.qmedichealth.com
Tracy Eley,Tracy,Eley,"2 Bigfeet, Llc",www.2bigfeet.com
Jodie Urchyshyn,Jodie,Urchyshyn,Lit Cosmetics Ltd.,www.litcosmetics.com
Robin Brown,Robin,Brown,"Erbaviva, LLC",www.erbaviva.com
Ann Livingston Peters,Ann,Peters,Common Fibers,www.commonfibers.com
Sarah Major,Sarah,Major,"Child1 St Publications, Llc",www.child1st.com
Jennifer Labit,Jennifer,Labit,"Cotton Babies, Inc.",www.cottonbabies.com
Danielle Sandusky,Danielle,Sandusky,Modern Bungalow,www.modernbungalow.com
Teresa Becker,Teresa,Becker,Heart of Haute,www.heartofhaute.com
Erin Cotter,,,OSEA Malibu,www.oseamalibu.com
