First Last,First,Last,Company,Domain
Kevin Lin,Kevin,Lin,Kestan,www.kestan.co
Bree Mckeen,Bree,Mckeen,Evelyn & Bobbie,www.evelynbobbie.com
Reyjay Solares,Reyjay,Solares,Marea Coffee,www.mareacoffee.com
Nazym Paltachev,Nazym,Paltachev,Soul Of Nomad,www.soulofnomad.com
Shari Leidich,Shari,Leidich,Know Brainer Foods,www.myknowbrainer.com
Chinonye Akunne,Chinonye,Akunne,ILERA Apothecary,www.ileraapothecary.com
Aaron Hallerman,Aaron,Hallerman,Vincero Watches,www.vincerowatches.com
Hayley Mullin,Hayley,Mullin,sockprints,www.sockprints.com
Curtis Maw Calder,Curtis,Calder,Anson Calder,www.ansoncalder.com
Ryan Freed,Ryan,Freed,Living Earth Beauty Llc,www.livingearthbeauty.com
Derick Noffsinger,Derick,Noffsinger,Pladra Inc,www.pladra.com
Brian Knudstrup,Brian,Knudstrup,Disability Work Tools,www.disabilityworktools.com
Aaron Frank Dalley,Aaron,Dalley,Enso Rings,www.ensorings.com
Elise Heslop,Elise,Heslop,Plyroom,www.plyroom.com.au
Keri Marie Wilson,Keri,Wilson,Goldsheep Clothing,www.goldsheepclothing.com
Jerromy Johnson,Jerromy,Johnson,JDD Consulting,www.dietz.se
Tim Mcnamara,Tim,Mcnamara,Powerpod,www.powerpod.net
Barrett Ward,Barrett,Ward,Fashionable,www.livefashionable.com
Katie Gurvin,Katie,Gurvin,Hebel & Co.,www.hebelco.com
Josh Meyer,,,Brickell Men's Products,www.brickellmensproducts.com
