First Last,First,Last,Company,Domain
Casey Balding,Casey,Balding,"Ferreus Industries, Inc.",www.ferreusmfg.com
Steven Naugler,Steven,Naugler,Naugler Office Interiors,www.naugleroffice.ca
Vincent Dubois,Vincent,Dubois,3W Giant Mart,www.giantmart.com
Wen Yao,Wen,Yao,Powwful,www.powwful.com
Peeyush Rastogi,Peeyush,Rastogi,Happee Brand,www.iamhappee.com
Heidi Knoblauch,Heidi,Knoblauch,Plumb Oyster Bar,www.plumb.bar
Derek Lamberton,Derek,Lamberton,Blue Crow Media,www.bluecrowmedia.com
Michael Kuech,Michael,Kuech,Your Superfoods B.V.,www.yoursuperfoods.eu
Amanda Stone,Amanda,Stone,Tiege Hanley LLC,www.tiege.com
Vance Zahorski,Vance,Zahorski,"Line Cutterz, LLC",www.linecutterz.com
Sean Hacking,Sean,Hacking,Veer,www.veercycle.com
Lily Anne,Lily,Anne,Wild Minimalist,www.wildminimalist.com
Maggie Drake,Maggie,Drake,Bandolier,www.bandolierstyle.com
Andrea Riposati,Andrea,Riposati,Dante Labs,www.dantelabs.com
Taffi Woolward Ayodele,Taffi,Ayodele,Thando's,www.thandos.com
Brian Powell,Brian,Powell,Junto Bicycle Works,www.juntobikes.com
Emily Rudman,Emily,Rudman,Emilie Heathe,www.emilieheathe.com
Adar Greenshpon,Adar,Greenshpon,Fast Simon Inc.,www.fastsimon.com
Nathan Kleiner,Nathan,Kleiner,Critical Pass Flashcards,www.criticalpass.com
Janean Mann,,,Junes,www.junes.co
