First Last,First,Last,Company,Domain
Jordan Schwartz,Jordan,Schwartz,"ReGrained, LLC",www.regrained.com
Andrew Einaudi,Andrew,Einaudi,"Caavo, Inc.",www.caavo.com
Megan Fazzio,Megan,Fazzio,San Diego Fly Rides,www.sandiegoflyrides.com
Jeremiah James Murray,Jeremiah,Murray,"Wolfgang Man & Beast, LLC",www.wolfgangusa.com
Chad Bostwick,Chad,Bostwick,Total Tea,www.totaltea.com
Wright Wright Harvey,Wright,Harvey,Sugarlift,www.sugarlift.com
Andrea Moattar,Andrea,Moattar,"Moattar, Ltd.",www.moattar.com
Robert Kluge,Robert,Kluge,Third Coast Design Works,www.thirdcoastdesignworks.com
Ethan King,Ethan,King,Zeus' Closet,www.zeuscloset.com
Mark Murphy,Mark,Murphy,Leadership IQ,www.leadershipiq.com
Jess Ekstrom,Jess,Ekstrom,Headbands of Hope,www.headbandsofhope.com
Jeff Murphy,Jeff,Murphy,Premium Supply,www.premium-supply.com
Amy Rutherford,Amy,Rutherford,Red Barn Mercantile LLC,www.redbarnmercantile.com
Camille Macmillan,Camille,Macmillan,Kid Dangerous Llc,www.kiddangerous.com
Shane Cooper,Shane,Cooper,Defeet International,www.defeet.com
Jacqueline Smith,Jacqueline,Smith,"Kiesque, Incorporated",www.kiesque.com
Catherine Forster Connolly,Catherine,Connolly,"Merida, Llc",www.meridastudio.com
Bill Romanowski,Bill,Romanowski,"Nutrition53, Inc.",www.nutrition53.com
Leland Copenhagen,Leland,Copenhagen,"Yai's Thai, LLC",www.yaisthai.com
Ben Harrison,,,"Jonas Paul Eyewear, LLC",www.jonaspauleyewear.com
