First Last,First,Last,Company,Domain
Alyssa Barrie,Alyssa,Barrie,TravelBeauty.com LLC,www.travelbeauty.com
Luca Faloni,Luca,Faloni,Luca Faloni,www.lucafaloni.com
Alex Dastmalchi,Alex,Dastmalchi,Dastmalchi Llc,www.dastmalchi.com
Walt Augustinowicz,Walt,Augustinowicz,Identity Stronghold,www.idstronghold.com
Dan Roberts,Dan,Roberts,Scout Security Limited,www.scoutalarm.com
Christine Lai,Christine,Lai,"Unif, Llc",www.unifclothing.com
Spencer Boerup,Spencer,Boerup,MagnetMod LLC,www.magnetmod.com
Joseph Cohen,Joseph,Cohen,Snow Joe LLC,www.snowjoe.com
Eliana Avila,Eliana,Avila,Beauty Trade Connection,www.beautytradeconnection.com
George Mcloughlin,George,Mcloughlin,Tasty Table Catering,www.tastytablecatering.com
Charles Youel,Charles,Youel,Artcrank,www.artcrank.com
Vena Hinchman Holden,Vena,Holden,Selective Seconds Consignment,www.selectiveseconds.com
Elisabeth Tavierne,Elisabeth,Tavierne,Chaarg Llc,www.chaarg.com
Howard Perl,Howard,Perl,Sixtrees,www.sixtrees.com
Brian Wooten,Brian,Wooten,Stealth Industry LLC,www.stealthindustry.com
Marsh Skeele,Marsh,Skeele,Sitka Salmon Shares,www.sitkasalmonshares.com
Cristofer Smith,Cristofer,Smith,Green Apple Active,www.greenappleactive.com
Michael Pinn,Michael,Pinn,Little Sparkles,www.mylittlesparkles.com
Chuck Siegel,Chuck,Siegel,Charles Chocolates,www.charleschocolates.com
Sandy Soleiman Saputo,,,True Botanicals,www.truebotanicals.com
