First Last,First,Last,Company,Domain
Yinon Badichi,Yinon,Badichi,Badichi Customized Belts,www.badichibelts.com
Tyson Andrus,Tyson,Andrus,"Shabby Apple, Llc",www.shabbyapple.com
Andrey Lavrov,Andrey,Lavrov,New Sight Devices Corp.,www.getoco.com
Ana Willenbrock,Ana,Willenbrock,Posh Chocolat,www.poshchocolat.com
Morgan Elias,Morgan,Elias,The Vintage Twin,www.thevintagetwin.com
Chol Kim,Chol,Kim,Camera Support Industries,www.cineped.com
Tony Simpson,Tony,Simpson,"Bushtec Mfg. & Sales, Inc.",www.bushtec.com
Nick Melnikoff,Nick,Melnikoff,Bowlers Paradise,www.bowlersparadise.com
Mike Chodler,Mike,Chodler,Project Social T,www.projectsocialt.com
Bronwyn Lowenthal,Bronwyn,Lowenthal,Lowie,www.ilovelowie.com
Kerry Stich,Kerry,Stich,Indigo Tones,www.indigotones.com
Joshua Reed,Joshua,Reed,Marolina Outdoor Inc,www.marolina.com
Joy Gathright,Joy,Gathright,"Sarah Flint, Inc.",www.sarahflint.com
Aaron Leventhal,Aaron,Leventhal,Hero Arts,www.heroarts.com
Erin Andrews,Erin,Andrews,indi chocolate LLC,www.indichocolate.com
Will Harris,Will,Harris,"White Oak Pastures, Inc.",www.whiteoakpastures.com
Tim Pogue,Tim,Pogue,"Mizu, Inc.",www.mizulife.com
Larry Bodner,Larry,Bodner,"Bulletproof 360, Inc.",www.bulletproof.com
Michael Anthony Viggiani,Michael,Viggiani,Go Green Led International,www.gogreenledinternational.com
Raj Vable,,,Young Mountain Tea,www.youngmountaintea.com
